ga:dimension2,ga:dimension1
1690516707.1585859061,1
93762802.1585859150,1
1194401513.1585859187,2
286341630.1585859205,3
288198836.1585859216,4
804144859.1585859231,2